{
  "VBSWWH_OS_C2V_1p0_C3_1p0_13TeV_4f_LO": 0.000643,
  "VBSWWH_SS_C2V_1p0_C3_1p0_13TeV_4f_LO": 0.000316,
  "VBSWZH_C2V_1p0_C3_1p0_13TeV_4f_LO": 0.000418,
  "VBSZZH_C2V_1p0_C3_1p0_13TeV_4f_LO": 0.000108,


  "VBSWWH_OS_C2V_1p0_C3_10p0_13TeV_4f_LO": 0.001587,
  "VBSWWH_SS_C2V_1p0_C3_10p0_13TeV_4f_LO": 0.000445, 
  "VBSWZH_C2V_1p0_C3_10p0_13TeV_4f_LO": 0.000624,
  "VBSZZH_C2V_1p0_C3_10p0_13TeV_4f_LO": 0.000416,

  "VBSWWH_OS_C2V_1p5_C3_1p0_13TeV_4f_LO": 0.001091,
  "VBSWWH_SS_C2V_1p5_C3_1p0_13TeV_4f_LO": 0.000620,
  "VBSWZH_C2V_1p5_C3_1p0_13TeV_4f_LO": 0.000707,
  "VBSZZH_C2V_1p5_C3_1p0_13TeV_4f_LO": 0.000368
}