{
    "VBSWWH_OSWW_C2V1p0_13p6TeV_5f_LO": 0.001707,
    "VBSWWH_SSWW_C2V1p0_13p6TeV_5f_LO": 0.0003589,
    "VBSWZH_C2V1p0_13p6TeV_5f_LO": 0.0007308,
    "VBSZZH_C2V1p0_13p6TeV_5f_LO": 0.0001313,

    "VBSWWH_OSWW_C2V1p5_13p6TeV_5f_LO": 0.002185,
    "VBSWWH_SSWW_C2V1p5_13p6TeV_5f_LO": 0.0007390,
    "VBSWZH_C2V1p5_13p6TeV_5f_LO": 0.001094,
    "VBSZZH_C2V1p5_13p6TeV_5f_LO": 0.0004452,
    
    "VBSWWH_OSWW_C2V2p0_13p6TeV_5f_LO": 0.003782,
    "VBSWWH_SSWW_C2V2p0_13p6TeV_5f_LO": 0.001767,
    "VBSWZH_C2V2p0_13p6TeV_5f_LO": 0.002118,
    "VBSZZH_C2V2p0_13p6TeV_5f_LO": 0.001372
}