{
    "VBSWWH_OS_C2V_1p0_C3_1p0_13TeV_4f_LO"   : 0.000643,
    "VBSWWH_SS_C2V_1p0_C3_1p0_13TeV_4f_LO"   : 0.000316,
    "VBSWZH_C2V_1p0_C3_1p0_13TeV_4f_LO"      : 0.000418,
    "VBSZZH_C2V_1p0_C3_1p0_13TeV_4f_LO"      : 0.000108,

    "VBSWWH_OS_C2V_1p0_C3_10p0_13TeV_4f_LO"  : 0.001587,
    "VBSWWH_SS_C2V_1p0_C3_10p0_13TeV_4f_LO"  : 0.000445,
    "VBSWZH_C2V_1p0_C3_10p0_13TeV_4f_LO"     : 0.000624,
    "VBSZZH_C2V_1p0_C3_10p0_13TeV_4f_LO"     : 0.000416,
    
    "VBSWWH_OS_C2V_1p5_C3_1p0_13TeV_4f_LO"   : 0.001091,
    "VBSWWH_SS_C2V_1p5_C3_1p0_13TeV_4f_LO"   : 0.000620,
    "VBSWZH_C2V_1p5_C3_1p0_13TeV_4f_LO"      : 0.000707,
    "VBSZZH_C2V_1p5_C3_1p0_13TeV_4f_LO"      : 0.000368,

    "QCD_HT50to100"        : 187700000.0,
    "QCD_HT100to200"       : 27849880.0,
    "QCD_HT200to300"       : 1716997.0,
    "QCD_HT300to500"       : 351302.0,
    "QCD_HT500to700"       : 31630.0,
    "QCD_HT700to1000"      : 6802.0,
    "QCD_HT1000to1500"     : 1206.0,
    "QCD_HT1500to2000"     : 98.71,
    "QCD_HT2000toInf"      : 20.2,
    "TTTo2L2Nu"       : 88.29,
    "TTToSemiLeptonic": 365.34,
    "TTToHadronic"    : 377.96,
    "ST_t-channel_antitop_4f_InclusiveDecays"    : 80.95,
    "ST_t-channel_top_4f_InclusiveDecays"        : 136.02,
    "ST_tW_antitop_5f_inclusiveDecays"  : 19.559,
    "ST_tW_top_5f_inclusiveDecays"      : 19.559,
    "ST_s-channel_4f_leptonDecays"      : 3.74,
    "WJetsToLNu_HT-70To100"    : 1308.9025,
    "WJetsToLNu_HT-100To200"   : 1324.85,
    "WJetsToLNu_HT-200To400"   : 347.935075,
    "WJetsToLNu_HT-400To600"   : 46.62084375,
    "WJetsToLNu_HT-600To800"   : 11.23292175,
    "WJetsToLNu_HT-800To1200"  : 5.07420335,
    "WJetsToLNu_HT-1200To2500" : 1.177367725,
    "WJetsToLNu_HT-2500ToInf"  : 0.02426248275,
    "WJetsToQQ_HT-200to400"    : 2549.0,
    "WJetsToQQ_HT-400to600"    : 276.5,
    "WJetsToQQ_HT-600to800"    : 59.25,
    "WJetsToQQ_HT-800toInf"    : 28.75,
    "DYJetsToLL_M-10to50"      : 20657.0,
    "DYJetsToLL_M-50" : 6198.0,
    "EWKWMinus2Jets_WToLNu_M-50": 32.26,
    "EWKWPlus2Jets_WToLNu_M-50" : 39.33,
    "EWKWminus2Jets_WToQQ_dipoleRecoilOn"        : 10.67,
    "EWKWplus2Jets_WToQQ_dipoleRecoilOn": 10.67,
    "EWKZ2Jets_ZToLL_M-50"      : 6.22,
    "EWKZ2Jets_ZToNuNu_M-50"    : 10.72,
    "EWKZ2Jets_ZToQQ_dipoleRecoilOn"    : 10.67,
    "TTWJetsToLNu"    : 0.2043,
    "TTWJetsToQQ"     : 0.4377,
    "TTWW"   : 0.0115,
    "TTWZ"   : 0.003884,
    "TTZToLLNuNu_M-10": 0.2529,
    "TTbb_4f_TTTo2L2Nu"    : 0.04,
    "TTbb_4f_TTToSemiLeptonic"      : 0.62,
    "TTbb_4f_TTToHadronic" : 5.5,
    "ttHToNonbb_M125" : 0.215,
    "ttHTobb_M125"    : 0.1279,
    "ttWJets": 0.4611,
    "ttZJets": 0.5407,
    "VBFWH_HToBB_WToLNu_M-125_dipoleRecoilOn"    : 0.02656,
    "VHToNonbb_M125"  : 2.207,
    "WWJJToLNuLNu_EWK_noTop"   : 0.284,
    "WWTo4Q_4f"       : 51.79,
    "WWTo1L1Nu2Q_4f"  : 49.997,
    "WWTo2L2Nu"       : 12.178,
    "WWW_4F" : 0.2086,
    "WWZ_4F" : 0.1651,
    "WZJJ_EWK_InclusivePolarization"    : 0.01701,
    "WZTo1L1Nu2Q_4f"  : 49.997,
    "WZTo1L3Nu_4f"    : 3.05402,
    "WZTo2Q2L_mllmin4p0"       : 5.6,
    "WZTo3LNu"        : 4.42965,
    "WZZ"    : 0.05565,
    "WminusH_HToBB_WToLNu_M-125"        : 0.0490124,
    "WminusH_HToBB_WToQQ_M-125": 0.3675,
    "WplusH_HToBB_WToLNu_M-125": 0.084876,
    "WplusH_HToBB_WToQQ_M-125" : 0.589,
    "ZH_HToBB_ZToLL_M-125"     : 0.0262749,
    "ZH_HToBB_ZToBB_M-125"     : 0.5612,
    "ZH_HToBB_ZToNuNu_M-125"   : 0.1573,
    "ZH_HToBB_ZToQQ_M-125"     : 0.5612,
    "ZZJJTo4L"        : 0.00884,
    "ZZTo2Nu2Q_5f"    : 49.997,
    "ZZTo4Q_5f"       : 3.451,
    "ZZJJTo4L_EWKnotop"        : 0.00884,
    "ZZTo2L2Nu"       : 0.564,
    "ZZTo2Q2L_mllmin4p0"       : 3.28,
    "ZZTo4L_M-1toInf" : 1.256,
    "ZZZ"    : 0.01398,
    "ggZH_HToBB_ZToLL_M-125"   : 0.0024614,
    "ggZH_HToBB_ZToBB_M-125"   : 0.04319,
    "ggZH_HToBB_ZToNuNu_M-125" : 0.01222,
    "ggZH_HToBB_ZToQQ_M-125"   : 0.04319,
    "WZ"     : 27.59,
    "WW"     : 75.95,
    "ZZ"     : 12.17,
    "ZJetsToQQ_HT-200to400"    : 1012.0,
    "ZJetsToQQ_HT-400to600"    : 114.2,
    "ZJetsToQQ_HT-600to800"    : 25.34,
    "ZJetsToQQ_HT-800toInf"    : 12.99,
    "GluGluToContinToZZTo2e2mu": 0.005423,
    "GluGluToContinToZZTo2e2tau"        : 0.005423,
    "GluGluToContinToZZTo2mu2tau"       : 0.005423,
    "GluGluToContinToZZTo4e"   : 0.002703,
    "GluGluToContinToZZTo4mu"  : 0.002703,
    "GluGluToContinToZZTo4tau" : 0.002703,
    "GluGluZH_HToWWTo2L2Nu"    : 0.00282,
    "GluGluZH_HToWWTo2L2Nu_M-125"       : 0.00282,
    "HZJ_HToWWTo2L2Nu_ZTo2L_M-125"      : 0.00177,
    "TWZToLL_tlept_Wlept_5f_DR": 0.0015,
    "tZq_ll_4f_ckm_NLO"        : 0.0758,
    "GluGluHToZZTo4L"      : 0.0082323,
    "SSWW"        : 0.02794
}
