{
    "TTto4Q": 431.5,
    "WWto4Q": 50.79,
    "WZto4Q-1Jets-4FS": 24.88,

    "QCD-4Jets_HT-40to70": 311400000.0,
    "QCD-4Jets_HT-70to100": 58500000.0,
    "QCD-4Jets_HT-100to200": 25400000.0,
    "QCD-4Jets_HT-200to400": 1961000.0,
    "QCD-4Jets_HT-400to600": 95620.0,
    "QCD-4Jets_HT-600to800": 13540.0,
    "QCD-4Jets_HT-800to1000": 3033.0,
    "QCD-4Jets_HT-1000to1200": 883.7,
    "QCD-4Jets_HT-1200to1500": 383.5,
    "QCD-4Jets_HT-1500to2000": 125.2,
    "QCD-4Jets_HT-2000": 26.49,

    "QCD_Bin-PT-300to470_TuneCP5_13p6TeV_pythia8": 7581.0,
    "QCD_Bin-PT-470to600_TuneCP5_13p6TeV_pythia8": 623.3,
    "QCD_Bin-PT-600to800_TuneCP5_13p6TeV_pythia8": 178.7,
    "QCD_Bin-PT-800to1000_TuneCP5_13p6TeV_pythia8": 30.62,
    "QCD_Bin-PT-1000to1500_TuneCP5_13p6TeV_pythia8": 9.306,
    "QCD_Bin-PT-1500to2000_TuneCP5_13p6TeV_pythia8": 0.5015,
    "QCD_Bin-PT-2000to2500_TuneCP5_13p6TeV_pythia8": 0.04264,
    "QCD_Bin-PT-2500to3000_TuneCP5_13p6TeV_pythia8": 0.004454

}