{
    "VBSWWH_OSWW_C2V1p0_13p6TeV_5f_LO": 0.00212,
    "VBSWWH_SSWW_C2V1p0_13p6TeV_5f_LO": 0.000359,
    "VBSWZH_C2V1p0_13p6TeV_5f_LO": 0.0007805,
    "VBSZZH_C2V1p0_13p6TeV_5f_LO": 0.0001308,

    "VBSWWH_OSWW_C2V1p5_13p6TeV_5f_LO": 0.002585,
    "VBSWWH_SSWW_C2V1p5_13p6TeV_5f_LO": 0.000736,
    "VBSWZH_C2V1p5_13p6TeV_5f_LO": 0.001138,
    "VBSZZH_C2V1p5_13p6TeV_5f_LO": 0.0004478,

    "VBSWWH_OSWW_C2V2p0_13p6TeV_5f_LO": 0.004143,
    "VBSWWH_SSWW_C2V2p0_13p6TeV_5f_LO": 0.001808,
    "VBSWZH_C2V2p0_13p6TeV_5f_LO": 0.002187,
    "VBSZZH_C2V2p0_13p6TeV_5f_LO": 0.001372
}