{
    "DYto2L-2Jets_MLL-50" : 6688.0,
    "TTto2L2Nu": 97.45,
    "TTtoLNu2Q": 403.25,
    "TTto4Q": 431.5,

    "WtoLNu-2Jets": 67710.0,

    "QCD-4Jets_HT-40to70": 311400000.0,
    "QCD-4Jets_HT-70to100": 58500000.0,
    "QCD-4Jets_HT-100to200": 25400000.0,
    "QCD-4Jets_HT-200to400": 1961000.0,
    "QCD-4Jets_HT-400to600": 95620.0,
    "QCD-4Jets_HT-600to800": 13540.0,
    "QCD-4Jets_HT-800to1000": 3033.0,
    "QCD-4Jets_HT-1000to1200": 883.7,
    "QCD-4Jets_HT-1200to1500": 383.5,
    "QCD-4Jets_HT-1500to2000": 125.2,
    "QCD-4Jets_HT-2000": 26.49,

    "WWtoLNu2Q": 48.94,
    "WZtoLNu2Q": 15.87,

    "VBSWWH_OSWW_C2V1p0_13p6TeV_5f_LO": 0.00212,
    "VBSWWH_SSWW_C2V1p0_13p6TeV_5f_LO": 0.000359,
    "VBSWZH_C2V1p0_13p6TeV_5f_LO": 0.0007805,
    "VBSZZH_C2V1p0_13p6TeV_5f_LO": 0.0001308,
    
    "VBSWWH_OSWW_C2V1p5_13p6TeV_5f_LO": 0.002585,
    "VBSWWH_SSWW_C2V1p5_13p6TeV_5f_LO": 0.000736,
    "VBSWZH_C2V1p5_13p6TeV_5f_LO": 0.001138,
    "VBSZZH_C2V1p5_13p6TeV_5f_LO": 0.0004478,

    "VBSWWH_OSWW_C2V2p0_13p6TeV_5f_LO": 0.004143,
    "VBSWWH_SSWW_C2V2p0_13p6TeV_5f_LO": 0.001808,
    "VBSWZH_C2V2p0_13p6TeV_5f_LO": 0.002187,
    "VBSZZH_C2V2p0_13p6TeV_5f_LO": 0.001372
}